Ana Kategori,Alt 1,Alt 2,Link
Anne & Çocuk,Bebek,Bebek Takımı,https://www.trendyol.com/bebek-takimi-x-c103727
Anne & Çocuk,Bebek,Hastane Çıkışı,https://www.trendyol.com/hastane-cikisi-x-c104159
Anne & Çocuk,Bebek,Bebek Body & Zıbın,https://www.trendyol.com/bebek-body-zibin-x-c104566
Anne & Çocuk,Bebek,Müslin Bez,https://www.trendyol.com/muslin-bez-x-c143796
Anne & Çocuk,Bebek Bakım,Bebek Bakım ve Kozmetik,https://www.trendyol.com/bebek-bakim-ve-kozmetik-x-c105559
Anne & Çocuk,Bebek Bakım,Anne Bakım,https://www.trendyol.com/anne-bakim-x-c109116
Anne & Çocuk,Bebek Bakım,Burun Aspiratörü,https://www.trendyol.com/burun-aspiratoru-x-c144856
Anne & Çocuk,Bebek Bakım,Bebek Temizlik,https://www.trendyol.com/bebek-temizlik-x-c144858
Anne & Çocuk,Bebek Bakım,Bebek Temizleme Pamuğu,https://www.trendyol.com/bebek-temizleme-pamugu-x-c144855
Anne & Çocuk,Bebek Bakım,Bebek Ateş Ölçer,https://www.trendyol.com/bebek-ates-olcer-x-c144854
Anne & Çocuk,Bebek Bakım,"Damla, Serum, Sprey",https://www.trendyol.com/damla-serum-sprey-x-c144857
Anne & Çocuk,Bebek Bakım,Beslenme Emzirme,https://www.trendyol.com/beslenme-emzirme-x-c103752
Anne & Çocuk,Bebek Bakım,Bebek Beslenme ve Emzirme,https://www.trendyol.com/bebek-beslenme-ve-emzirme-x-c144841
Anne & Çocuk,Oyuncak,Eğitici Oyuncak,https://www.trendyol.com/egitici-oyuncak-x-c145168
Anne & Çocuk,Oyuncak,Peluş Oyuncak,https://www.trendyol.com/pelus-oyuncak-x-c103736
Anne & Çocuk,Oyuncak,Kutu Oyunu,https://www.trendyol.com/kutu-oyunu-x-c103818
Anne & Çocuk,Oyuncak,Ahşap Oyuncak,https://www.trendyol.com/ahsap-oyuncak-x-c103700
Anne & Çocuk,Oyuncak,Hobi & Figür Oyuncakları,https://www.trendyol.com/figur-oyuncaklar-x-c103699
Anne & Çocuk,Oyuncak,Yapı Oyuncakları,https://www.trendyol.com/yapi-oyuncaklari-x-c108327
Anne & Çocuk,Oyuncak,Bebek & Okul Öncesi,https://www.trendyol.com/bebek-ve-okul-oncesi-oyuncaklar-x-c103692
Anne & Çocuk,Oyuncak,Oyuncak Araçlar,https://www.trendyol.com/oyuncak-araclar-x-c144038
Anne & Çocuk,Oyuncak,Diğer Oyuncaklar,https://www.trendyol.com/diger-oyuncaklar-x-c103702
Anne & Çocuk,Oyuncak,Çocuk Puzzle & Yapboz,https://www.trendyol.com/cocuk-puzzle-ve-yapboz-x-c103917
Anne & Çocuk,Oyuncak,Oyuncak Silah Su Tabancası,https://www.trendyol.com/oyuncak-silah-su-tabancasi-x-c104228
Anne & Çocuk,Oyuncak,Oyun Hamuru,https://www.trendyol.com/oyun-hamuru-x-c103701
Anne & Çocuk,Oyuncak,Oyuncak Bebek ve Aksesuarı,https://www.trendyol.com/oyuncak-bebek-x-c103711
Anne & Çocuk,Oyuncak,Oyun Seti,https://www.trendyol.com/oyun-seti-x-c144062
Anne & Çocuk,Oyuncak,Deniz&Havuz,https://www.trendyol.com/sisme-deniz-havuz-urunu-x-c104539
Anne & Çocuk,Oyuncak,Bahçe & Dış Mekan Oyuncakları,https://www.trendyol.com/bahce-ve-dis-mekan-oyuncaklari-x-c144048
Anne & Çocuk,Oyuncak,Akülü&Pedallı Araçlar,https://www.trendyol.com/akulu-ve-pedalli-araclar-x-c103688
Anne & Çocuk,Oyuncak,Scooter,https://www.trendyol.com/scooter-x-c104533
Anne & Çocuk,Oyuncak,Çocuk Çizim Tableti,https://www.trendyol.com/cocuk-cizim-tableti-x-c165427
Ayakkabı & Çanta,Erkek Ayakkabı,Günlük Ayakkabı,https://www.trendyol.com/kadin-gunluk-ayakkabi-x-g1-c1352
Ayakkabı & Çanta,Erkek Ayakkabı,Spor Ayakkabı,https://www.trendyol.com/kadin-spor-ayakkabi-x-g1-c109
Ayakkabı & Çanta,Erkek Ayakkabı,Topuklu Ayakkabı,https://www.trendyol.com/kadin-topuklu-ayakkabi-x-g1-c107
Ayakkabı & Çanta,Erkek Ayakkabı,Sandalet&Terlik,https://www.trendyol.com/kadin-sandalet-ve-terlik-x-g1-c112
Ayakkabı & Çanta,Erkek Ayakkabı,Bot ve Çizme,https://www.trendyol.com/kadin-bot-ve-cizme-x-g1-c1351
Ayakkabı & Çanta,Erkek Ayakkabı,Ev Terliği&Botu,https://www.trendyol.com/kadin-ev-botu-terligi-x-g1-c104206
Ayakkabı & Çanta,Erkek Ayakkabı,Ayakkabı Bağcığı,https://www.trendyol.com/kadin-ayakkabi-bagcigi-x-g1-c151037
Ayakkabı & Çanta,Erkek Ayakkabı,Deniz Ayakkabısı,https://www.trendyol.com/kadin-deniz-ayakkabisi-x-g1-c103687
Ayakkabı & Çanta,Erkek Ayakkabı,Güreş Ayakkabısı,https://www.trendyol.com/kadin-gures-ayakkabisi-x-g1-c164901
Ayakkabı & Çanta,Erkek Çanta,Omuz Çantası,https://www.trendyol.com/erkek-omuz-cantasi-x-g2-c101465
Ayakkabı & Çanta,Erkek Çanta,Bel Çantası,https://www.trendyol.com/erkek-bel-cantasi-x-g2-c104144
Ayakkabı & Çanta,Erkek Çanta,El Çantası,https://www.trendyol.com/erkek-el-cantasi-x-g2-c104145
Ayakkabı & Çanta,Erkek Çanta,Postacı Çantası,https://www.trendyol.com/erkek-postaci-canta-x-g2-c1152
Ayakkabı & Çanta,Erkek Çanta,Sırt Çantası,https://www.trendyol.com/erkek-sirt-cantasi-x-g2-c115
Ayakkabı & Çanta,Erkek Çanta,Spor Çantası,https://www.trendyol.com/erkek-spor-cantasi-x-g2-c1174
Ayakkabı & Çanta,Erkek Çanta,Portföy&Clutch,https://www.trendyol.com/erkek-portfoy-x-g2-c1151
Ayakkabı & Çanta,Erkek Çanta,Valiz & Bavul,https://www.trendyol.com/erkek-valiz-x-g2-c1202
Ayakkabı & Çanta,Erkek Çanta,Çanta Aksesuarı,https://www.trendyol.com/erkek-canta-aksesuar-x-g2-c104205
Ayakkabı & Çanta,Erkek Çanta,Okul Çantası,https://www.trendyol.com/erkek-okul-cantasi-x-g2-c104204
Ayakkabı & Çanta,Erkek Çanta,Beslenme Çantası,https://www.trendyol.com/erkek-beslenme-cantasi-x-g2-c104040
Ayakkabı & Çanta,Erkek Çanta,Abiye Çanta,https://www.trendyol.com/erkek-abiye-canta-x-g2-c103082
Ayakkabı & Çanta,Kadın Ayakkabı,Günlük Ayakkabı,https://www.trendyol.com/kadin-gunluk-ayakkabi-x-g1-c1352
Ayakkabı & Çanta,Kadın Ayakkabı,Spor Ayakkabı,https://www.trendyol.com/kadin-spor-ayakkabi-x-g1-c109
Ayakkabı & Çanta,Kadın Ayakkabı,Topuklu Ayakkabı,https://www.trendyol.com/kadin-topuklu-ayakkabi-x-g1-c107
Ayakkabı & Çanta,Kadın Ayakkabı,Sandalet&Terlik,https://www.trendyol.com/kadin-sandalet-ve-terlik-x-g1-c112
Ayakkabı & Çanta,Kadın Ayakkabı,Bot ve Çizme,https://www.trendyol.com/kadin-bot-ve-cizme-x-g1-c1351
Ayakkabı & Çanta,Kadın Ayakkabı,Ev Terliği&Botu,https://www.trendyol.com/kadin-ev-botu-terligi-x-g1-c104206
Ayakkabı & Çanta,Kadın Ayakkabı,Ayakkabı Bağcığı,https://www.trendyol.com/kadin-ayakkabi-bagcigi-x-g1-c151037
Ayakkabı & Çanta,Kadın Ayakkabı,Deniz Ayakkabısı,https://www.trendyol.com/kadin-deniz-ayakkabisi-x-g1-c103687
Ayakkabı & Çanta,Kadın Ayakkabı,Güreş Ayakkabısı,https://www.trendyol.com/kadin-gures-ayakkabisi-x-g1-c164901
Ayakkabı & Çanta,Kadın Çanta,Omuz Çantası,https://www.trendyol.com/kadin-omuz-cantasi-x-g1-c101465
Ayakkabı & Çanta,Kadın Çanta,El Çantası,https://www.trendyol.com/kadin-el-cantasi-x-g1-c104145
Ayakkabı & Çanta,Kadın Çanta,Postacı Çantası,https://www.trendyol.com/kadin-postaci-canta-x-g1-c1152
Ayakkabı & Çanta,Kadın Çanta,Sırt Çantası,https://www.trendyol.com/kadin-sirt-cantasi-x-g1-c115
Ayakkabı & Çanta,Kadın Çanta,Portföy&Clutch,https://www.trendyol.com/kadin-portfoy-x-g1-c1151
Ayakkabı & Çanta,Kadın Çanta,Abiye Çanta,https://www.trendyol.com/kadin-abiye-canta-x-g1-c103082
Ayakkabı & Çanta,Kadın Çanta,Bel Çantası,https://www.trendyol.com/kadin-bel-cantasi-x-g1-c104144
Ayakkabı & Çanta,Kadın Çanta,Valiz & Bavul,https://www.trendyol.com/kadin-valiz-x-g1-c1202
Ayakkabı & Çanta,Kadın Çanta,Çanta Aksesuarı,https://www.trendyol.com/kadin-canta-aksesuar-x-g1-c104205
Ayakkabı & Çanta,Kadın Çanta,Okul Çantası,https://www.trendyol.com/kadin-okul-cantasi-x-g1-c104204
Ayakkabı & Çanta,Kadın Çanta,Spor Çantası,https://www.trendyol.com/kadin-spor-cantasi-x-g1-c1174
Ayakkabı & Çanta,Kadın Çanta,Beslenme Çantası,https://www.trendyol.com/kadin-beslenme-cantasi-x-g1-c104040
Ayakkabı & Çanta,Çocuk Ayakkabı,Spor Ayakkabı,https://www.trendyol.com/cocuk-spor-ayakkabi-x-g3-c109
Ayakkabı & Çanta,Çocuk Ayakkabı,Sandalet&Terlik,https://www.trendyol.com/cocuk-sandalet-ve-terlik-x-g3-c112
Ayakkabı & Çanta,Çocuk Ayakkabı,Günlük Ayakkabı,https://www.trendyol.com/cocuk-gunluk-ayakkabi-x-g3-c1352
Ayakkabı & Çanta,Çocuk Ayakkabı,Topuklu Ayakkabı,https://www.trendyol.com/cocuk-topuklu-ayakkabi-x-g3-c107
Ayakkabı & Çanta,Çocuk Ayakkabı,Ev Terliği&Botu,https://www.trendyol.com/cocuk-ev-botu-terligi-x-g3-c104206
Ayakkabı & Çanta,Çocuk Ayakkabı,Bot ve Çizme,https://www.trendyol.com/cocuk-bot-ve-cizme-x-g3-c1351
Ayakkabı & Çanta,Çocuk Ayakkabı,Deniz Ayakkabısı,https://www.trendyol.com/cocuk-deniz-ayakkabisi-x-g3-c103687
Ayakkabı & Çanta,Çocuk Ayakkabı,Ayakkabı Bağcığı,https://www.trendyol.com/cocuk-ayakkabi-bagcigi-x-g3-c151037
Ayakkabı & Çanta,Çocuk Ayakkabı,Güreş Ayakkabısı,https://www.trendyol.com/cocuk-gures-ayakkabisi-x-g3-c164901
Ayakkabı & Çanta,Çocuk Çanta,Sırt Çantası,https://www.trendyol.com/cocuk-sirt-cantasi-x-g3-c115
Ayakkabı & Çanta,Çocuk Çanta,Omuz Çantası,https://www.trendyol.com/cocuk-omuz-cantasi-x-g3-c101465
Ayakkabı & Çanta,Çocuk Çanta,Okul Çantası,https://www.trendyol.com/cocuk-okul-cantasi-x-g3-c104204
Ayakkabı & Çanta,Çocuk Çanta,El Çantası,https://www.trendyol.com/cocuk-el-cantasi-x-g3-c104145
Ayakkabı & Çanta,Çocuk Çanta,Bel Çantası,https://www.trendyol.com/cocuk-bel-cantasi-x-g3-c104144
Ayakkabı & Çanta,Çocuk Çanta,Postacı Çantası,https://www.trendyol.com/cocuk-postaci-canta-x-g3-c1152
Ayakkabı & Çanta,Çocuk Çanta,Spor Çantası,https://www.trendyol.com/cocuk-spor-cantasi-x-g3-c1174
Ayakkabı & Çanta,Çocuk Çanta,Abiye Çanta,https://www.trendyol.com/cocuk-abiye-canta-x-g3-c103082
Ayakkabı & Çanta,Çocuk Çanta,Beslenme Çantası,https://www.trendyol.com/cocuk-beslenme-cantasi-x-g3-c104040
Ayakkabı & Çanta,Çocuk Çanta,Valiz & Bavul,https://www.trendyol.com/cocuk-valiz-x-g3-c1202
Ayakkabı & Çanta,Çocuk Çanta,Çanta Aksesuarı,https://www.trendyol.com/cocuk-canta-aksesuar-x-g3-c104205
Ayakkabı & Çanta,Çocuk Çanta,Portföy&Clutch,https://www.trendyol.com/cocuk-portfoy-x-g3-c1151
Elektronik,Beyaz Eşya,Beyaz Eşya Set,https://www.trendyol.com/beyaz-esya-set-x-c172091
Elektronik,Beyaz Eşya,Buzdolabı,https://www.trendyol.com/buzdolabi-x-c103623
Elektronik,Beyaz Eşya,Çamaşır Makinesi,https://www.trendyol.com/camasir-makinesi-x-c103625
Elektronik,Beyaz Eşya,Bulaşık Makinesi,https://www.trendyol.com/bulasik-makinesi-x-c103621
Elektronik,Beyaz Eşya,Kurutma Makinesi,https://www.trendyol.com/kurutma-makinesi-x-c103636
Elektronik,Beyaz Eşya,Ocak,https://www.trendyol.com/ocak-x-c103637
Elektronik,Beyaz Eşya,Ankastre Set,https://www.trendyol.com/ankastre-set-x-c103615
Elektronik,Beyaz Eşya,Fırın,https://www.trendyol.com/firin-x-c101507
Elektronik,Beyaz Eşya,Derin Dondurucu,https://www.trendyol.com/derin-dondurucu-x-c103629
Elektronik,Beyaz Eşya,Davlumbaz,https://www.trendyol.com/davlumbaz-x-c103627
Elektronik,Beyaz Eşya,Su Sebili,https://www.trendyol.com/su-sebili-x-c103642
Elektronik,Beyaz Eşya,Aspiratör,https://www.trendyol.com/aspirator-x-c103616
Elektronik,Beyaz Eşya,Mini&Midi Fırın,https://www.trendyol.com/mini-midi-firin-x-c103682
Elektronik,Beyaz Eşya,Mikrodalga Fırın,https://www.trendyol.com/mikrodalga-firin-x-c103681
Elektronik,Beyaz Eşya,Beyaz Eşya Yedek Parça,https://www.trendyol.com/beyaz-esya-yedek-parca-x-c109329
Elektronik,Dijital Kod & Ürünler,Online Eğitim,https://www.trendyol.com/online-egitim-x-c110876
Elektronik,Dijital Kod & Ürünler,E-pin & Cüzdan Kodu,https://www.trendyol.com/e-pin-cuzdan-kodu-x-c109059
Elektronik,Dijital Kod & Ürünler,Dijital Kart & Kupon,https://www.trendyol.com/dijital-kart-kupon-x-c109058
Elektronik,Dijital Kod & Ürünler,Hediye Kartları,https://www.trendyol.com/hediye-kartlari-x-c109060
Elektronik,Dijital Kod & Ürünler,Dijital Destek Kartı,https://www.trendyol.com/dijital-destek-karti-x-c143794
Elektronik,Dijital Kod & Ürünler,AntiVirüs Programı,https://www.trendyol.com/antivirus-programi-x-c110877
Elektronik,Dijital Kod & Ürünler,Ön Ödemeli Kart,https://www.trendyol.com/on-odemeli-kart-x-c144655
Elektronik,Dijital Kod & Ürünler,Digital Ticari Yazılım,https://www.trendyol.com/digital-ticari-yazilim-x-c170861
Elektronik,Dijital Kod & Ürünler,Eğitim Yazılımı,https://www.trendyol.com/egitim-yazilimi-x-c110878
Elektronik,Dijital Kod & Ürünler,Dijital Üyelik,https://www.trendyol.com/dijital-uyelik-x-c109057
Elektronik,Dijital Kod & Ürünler,Dijital Yayın Paketleri,https://www.trendyol.com/dijital-yayin-paketi-x-c104122
Elektronik,Foto & Kamera,Dijital Fotoğraf Makineleri,https://www.trendyol.com/dijital-fotograf-makineleri-x-c104042
Elektronik,Foto & Kamera,Video Kameralar,https://www.trendyol.com/video-kameralar-x-c104043
Elektronik,Foto & Kamera,Foto & Kamera Aksesuarı,https://www.trendyol.com/foto-kamera-aksesuari-x-c104038
Elektronik,Foto & Kamera,Aynasız Kompakt SLR Makineleri,https://www.trendyol.com/aynasiz-kompakt-slr-makineleri-x-c104041
Elektronik,Giyilebilir Teknoloji,Akıllı Saat,https://www.trendyol.com/akilli-saat-x-c1240
Elektronik,Giyilebilir Teknoloji,Sanal Gerçeklik Gözlükleri,https://www.trendyol.com/sanal-gerceklik-gozlukleri-x-c104039
Elektronik,Giyilebilir Teknoloji,Akıllı Çocuk Saati,https://www.trendyol.com/akilli-cocuk-saati-x-c145774
Elektronik,Giyilebilir Teknoloji,Akıllı Bileklik,https://www.trendyol.com/akilli-bileklik-x-c103111
Elektronik,Giyilebilir Teknoloji,Yenilenmiş Akıllı Saat,https://www.trendyol.com/yenilenmis-akilli-saat-x-c164878
Elektronik,Kişisel Bakım Aletleri,Tıraş Makinesi,https://www.trendyol.com/tiras-makinesi-x-c102377
Elektronik,Kişisel Bakım Aletleri,IPL Lazer Epilasyon Aleti,https://www.trendyol.com/ipl-lazer-epilasyon-aleti-x-c110275
Elektronik,Kişisel Bakım Aletleri,Epilatör,https://www.trendyol.com/epilator-x-c104074
Elektronik,Kişisel Bakım Aletleri,Saç Düzleştirici,https://www.trendyol.com/sac-duzlestirici-x-c1160
Elektronik,Kişisel Bakım Aletleri,Saç Maşası,https://www.trendyol.com/sac-masasi-x-c1163
Elektronik,Kişisel Bakım Aletleri,Saç Kurutma Makinesi,https://www.trendyol.com/sac-kurutma-makinesi-x-c1161
Elektronik,Kişisel Bakım Aletleri,Tartı,https://www.trendyol.com/tarti-x-c1012
Elektronik,Kişisel Bakım Aletleri,Kişisel Bakım Yedek Parça,https://www.trendyol.com/kisisel-bakim-yedek-parca-x-c145474
Elektronik,Küçük Ev Aletleri,Yiyecek Hazırlama,https://www.trendyol.com/yiyecek-hazirlama-x-c145465
Elektronik,Küçük Ev Aletleri,Süpürge,https://www.trendyol.com/supurge-x-c108939
Elektronik,Küçük Ev Aletleri,Elektronik Çeyiz Seti,https://www.trendyol.com/elektronik-ceyiz-seti-x-c143251
Elektronik,Küçük Ev Aletleri,İçecek Hazırlama,https://www.trendyol.com/icecek-hazirlama-x-c145478
Elektronik,Küçük Ev Aletleri,Elektrikli Pişirici,https://www.trendyol.com/diger-elektrikli-pisiriciler-x-c104211
Elektronik,Küçük Ev Aletleri,Dikiş Makinesi,https://www.trendyol.com/dikis-makinesi-x-c103678
Elektronik,Küçük Ev Aletleri,Ütü,https://www.trendyol.com/utu-x-c1201
Elektronik,Küçük Ev Aletleri,Diğer Akıllı Ev Aletleri,https://www.trendyol.com/diger-akilli-ev-aletleri-x-c149736
Elektronik,Küçük Ev Aletleri,Akıllı Aydınlatma,https://www.trendyol.com/akilli-aydinlatma-x-c144648
Elektronik,Küçük Ev Aletleri,Ev Aletleri Yedek Parça,https://www.trendyol.com/ev-aletleri-yedek-parca-x-c145472
Elektronik,Telefon,Cep Telefonu,https://www.trendyol.com/cep-telefonu-x-c103498
Elektronik,Telefon,Cep Telefonu Aksesuar,https://www.trendyol.com/telefon-aksesuarlari-x-c1190
Elektronik,Telefon,Yedek Parçalar,https://www.trendyol.com/cep-telefonu-yedek-parcalari-x-c104027
Elektronik,Telefon,Telsiz & Masaüstü Telefon,https://www.trendyol.com/telsiz-masaustu-telefon-x-c104034
Elektronik,TV & Görüntü & Ses,TV Aksesuarları,https://www.trendyol.com/tv-aksesuari-x-c104461
Elektronik,TV & Görüntü & Ses,HDMI Kablo,https://www.trendyol.com/hdmi-kablo-x-c150104
Elektronik,TV & Görüntü & Ses,Güvenlik Sistemleri,https://www.trendyol.com/guvenlik-sistemi-x-c104458
Elektronik,TV & Görüntü & Ses,DVR Kayıt Cihazı,https://www.trendyol.com/dvr-kayit-cihazi-x-c143236
Elektronik,TV & Görüntü & Ses,Uydu Alıcı Aksesuarları,https://www.trendyol.com/uydu-alici-aksesuarlari-x-c109334
Elektronik,TV & Görüntü & Ses,Ses Kablosu,https://www.trendyol.com/ses-kablosu-x-c164963
Elektronik,TV & Görüntü & Ses,Mikrofon,https://www.trendyol.com/mikrofon-x-c104036
Elektronik,TV & Görüntü & Ses,Uydu Alıcı,https://www.trendyol.com/uydu-alici-x-c109343
Elektronik,TV & Görüntü & Ses,Müzik Sistemleri,https://www.trendyol.com/muzik-sistemi-x-c104123
Elektronik,TV & Görüntü & Ses,Projeksiyon Aksesuarları,https://www.trendyol.com/projeksiyon-aksesuarlari-x-c104538
Elektronik,TV & Görüntü & Ses,Projeksiyon Cihazı,https://www.trendyol.com/projeksiyon-cihazi-x-c104157
Elektronik,TV & Görüntü & Ses,Televizyon,https://www.trendyol.com/televizyon-x-c104156
Elektronik,TV & Görüntü & Ses,Ev Sinema Sistemleri,https://www.trendyol.com/ev-sinema-sistemi-x-c104124
Elektronik,TV & Görüntü & Ses,Kablosuz Ses & Görüntü Aktarıcı,https://www.trendyol.com/kablosuz-ses-goruntu-aktarici-x-c164966
Elektronik,TV & Görüntü & Ses,Media Player,https://www.trendyol.com/media-player-x-c103669
Elektronik,TV & Görüntü & Ses,Stereo Amfi,https://www.trendyol.com/stereo-amfi-x-c143232
Elektronik,TV & Görüntü & Ses,Scart Kablo,https://www.trendyol.com/scart-kablo-x-c164968
Elektronik,TV & Görüntü & Ses,Alarm Saatli Radyo,https://www.trendyol.com/alarm-saatli-radyo-x-c150278
Elektronik,TV & Görüntü & Ses,Televizyon Kartı,https://www.trendyol.com/televizyon-karti-x-c108969
Elektronik,TV & Görüntü & Ses,Soundbar,https://www.trendyol.com/soundbar-x-c143233
Elektronik,TV & Görüntü & Ses,Portatif Sistem,https://www.trendyol.com/portatif-sistem-x-c143235
Elektronik,TV & Görüntü & Ses,Receiver Amfi,https://www.trendyol.com/receiver-amfi-x-c143234
Elektronik,TV & Görüntü & Ses,DVD & Blu-Ray Oynatıcılar,https://www.trendyol.com/dvd-bluray-oynatici-x-c104457
Elektronik,TV & Görüntü & Ses,Ev Tipi Subwoofer,https://www.trendyol.com/ev-tipi-subwoofer-x-c164969
Elektronik,TV & Görüntü & Ses,Görüntü ve Ses Kablolar,https://www.trendyol.com/goruntu-ve-ses-kablolar-x-c150101
Erkek,Aksesuar,Takı & Mücevher,https://www.trendyol.com/erkek-taki-mucevher-x-g2-c28
Erkek,Aksesuar,Saat,https://www.trendyol.com/erkek-saat-x-g2-c34
Erkek,Aksesuar,Cüzdan & Kartlık,https://www.trendyol.com/erkek-cuzdan-kartlik-x-g2-c1353
Erkek,Aksesuar,Saat Seti,https://www.trendyol.com/erkek-saat-seti-x-g2-c146155
Erkek,Aksesuar,Gözlük ve Gözlük Aksesuarları,https://www.trendyol.com/erkek-gozluk-ve-gozluk-aksesuarlari-x-g2-c166450
Erkek,Aksesuar,Çanta,https://www.trendyol.com/erkek-canta-x-g2-c117
Erkek,Aksesuar,Şapka & Bere & Eldiven,https://www.trendyol.com/erkek-sapka-bere-eldiven-x-g2-c101499
Erkek,Aksesuar,Kravat&Papyon,https://www.trendyol.com/erkek-kravat-papyon-x-g2-c104146
Erkek,Aksesuar,Kemer&Pantolon Askısı,https://www.trendyol.com/erkek-kemer-pantolon-askisi-x-g2-c104148
Erkek,Aksesuar,Saç Aksesuarları,https://www.trendyol.com/erkek-sac-aksesuarlari-x-g2-c101434
Erkek,Aksesuar,Şal&Fular,https://www.trendyol.com/erkek-sal-ve-fular-x-g2-c101433
Erkek,Aksesuar,Kol Düğmesi,https://www.trendyol.com/erkek-kol-dugmesi-x-g2-c1098
Erkek,Aksesuar,Şemsiye,https://www.trendyol.com/erkek-semsiye-x-g2-c1183
Erkek,Aksesuar,Aksesuar Set,https://www.trendyol.com/erkek-aksesuar-set-x-g2-c109332
Erkek,Büyük Beden,Büyük Beden T-shirt,https://www.trendyol.com/erkek-buyuk-beden-t-shirt-x-g2-c102777
Erkek,Büyük Beden,Büyük Beden Pantolon,https://www.trendyol.com/erkek-buyuk-beden-pantolon-x-g2-c102779
Erkek,Büyük Beden,Büyük Beden Şort,https://www.trendyol.com/erkek-buyuk-beden-sort-x-g2-c108870
Erkek,Büyük Beden,Büyük Beden Eşofman Altı,https://www.trendyol.com/erkek-buyuk-beden-esofman-alti-x-g2-c108862
Erkek,Büyük Beden,Büyük Beden Gömlek,https://www.trendyol.com/erkek-buyuk-beden-gomlek-x-g2-c108855
Erkek,Büyük Beden,Büyük Beden Alt - Üst Takım,https://www.trendyol.com/erkek-buyuk-beden-alt-ust-takim-x-g2-c150574
Erkek,Büyük Beden,Büyük Beden Atlet,https://www.trendyol.com/erkek-buyuk-beden-atlet-x-g2-c152430
Erkek,Büyük Beden,Büyük Beden Deniz Şortu,https://www.trendyol.com/erkek-buyuk-beden-deniz-sortu-x-g2-c163385
Erkek,Büyük Beden,Büyük Beden Eşofman Takımı,https://www.trendyol.com/erkek-buyuk-beden-esofman-takimi-x-g2-c108871
Erkek,Büyük Beden,Büyük Beden Ceket,https://www.trendyol.com/erkek-buyuk-beden-ceket-x-g2-c108860
Erkek,Büyük Beden,Büyük Beden Külot,https://www.trendyol.com/erkek-buyuk-beden-kulot-x-g2-c150106
Erkek,Büyük Beden,Büyük Beden İç Çamaşırı,https://www.trendyol.com/erkek-buyuk-beden-ic-camasiri-x-g2-c164830
Erkek,Büyük Beden,Büyük Beden Mayo,https://www.trendyol.com/erkek-buyuk-beden-mayo-x-g2-c108868
Erkek,Büyük Beden,Büyük Beden Sweatshirt,https://www.trendyol.com/erkek-buyuk-beden-sweatshirt-x-g2-c108857
Erkek,Büyük Beden,Büyük Beden Kot Pantolon,https://www.trendyol.com/erkek-buyuk-beden-kot-pantolon-x-g2-c149879
Erkek,Büyük Beden,Büyük Beden Pijama Takımı,https://www.trendyol.com/erkek-buyuk-beden-pijama-takimi-x-g2-c109427
Erkek,Büyük Beden,Büyük Beden Mont,https://www.trendyol.com/erkek-buyuk-beden-mont-x-g2-c108864
Erkek,Büyük Beden,Büyük Beden Kazak,https://www.trendyol.com/erkek-buyuk-beden-kazak-x-g2-c108866
Erkek,Büyük Beden,Büyük Beden Hırka,https://www.trendyol.com/erkek-buyuk-beden-hirka-x-g2-c108865
Erkek,Büyük Beden,Büyük Beden Yelek,https://www.trendyol.com/erkek-buyuk-beden-yelek-x-g2-c108861
Erkek,Büyük Beden,Büyük Beden Pijama Altı,https://www.trendyol.com/erkek-buyuk-beden-pijama-alti-x-g2-c109428
Erkek,Büyük Beden,Büyük Beden Kaban,https://www.trendyol.com/erkek-buyuk-beden-kaban-x-g2-c108863
Erkek,Büyük Beden,Büyük Beden Tayt,https://www.trendyol.com/erkek-buyuk-beden-tayt-x-g2-c108858
Erkek,Büyük Beden,Büyük Beden Bluz,https://www.trendyol.com/erkek-buyuk-beden-bluz-x-g2-c102778
Erkek,Büyük Beden,Büyük Beden Trençkot,https://www.trendyol.com/erkek-buyuk-beden-trenckot-x-g2-c108867
Erkek,Büyük Beden,Büyük Beden Süveter,https://www.trendyol.com/erkek-buyuk-beden-suveter-x-g2-c150572
Erkek,Büyük Beden,Büyük Beden Tulum,https://www.trendyol.com/erkek-buyuk-beden-tulum-x-g2-c108869
Erkek,Büyük Beden,Büyük Beden Korse,https://www.trendyol.com/erkek-buyuk-beden-korse-x-g2-c152048
Erkek,Büyük Beden,Büyük Beden Spor Tayt,https://www.trendyol.com/erkek-buyuk-beden-spor-tayt-x-g2-c150573
Erkek,Büyük Beden,Büyük Beden Külotlu Çorap,https://www.trendyol.com/erkek-buyuk-beden-kulotlu-corap-x-g2-c152047
Erkek,Büyük Beden,Büyük Beden Body,https://www.trendyol.com/erkek-buyuk-beden-body-x-g2-c150353
Erkek,Giyim,Gömlek,https://www.trendyol.com/erkek-gomlek-x-g2-c75
Erkek,Giyim,T-Shirt,https://www.trendyol.com/erkek-t-shirt-x-g2-c73
Erkek,Giyim,Pantolon,https://www.trendyol.com/erkek-pantolon-x-g2-c70
Erkek,Giyim,Alt - Üst Takım,https://www.trendyol.com/erkek-alt-ust-takim-x-g2-c83
Erkek,Giyim,Polo Yaka T-shirt,https://www.trendyol.com/erkek-polo-yaka-t-shirt-x-g2-c108775
Erkek,Giyim,Kapri & Bermuda,https://www.trendyol.com/erkek-kapri-bermuda-x-g2-c101484
Erkek,Giyim,Şort,https://www.trendyol.com/erkek-sort-x-g2-c119
Erkek,Giyim,Jeans,https://www.trendyol.com/erkek-jean-x-g2-c120
Erkek,Giyim,Kaban & Mont,https://www.trendyol.com/erkek-kaban-mont-x-g2-c104598
Erkek,Giyim,Sweatshirt,https://www.trendyol.com/erkek-sweatshirt-x-g2-c1179
Erkek,Giyim,Ceket & Yelek,https://www.trendyol.com/erkek-ceket-yelek-x-g2-c104153
Erkek,Giyim,Plaj Giyim,https://www.trendyol.com/erkek-plaj-giyim-x-g2-c68
Erkek,Giyim,Çorap,https://www.trendyol.com/erkek-corap-x-g2-c1038
Erkek,Giyim,İç Giyim,https://www.trendyol.com/erkek-ic-giyim-x-g2-c64
Erkek,Giyim,Büyük Beden,https://www.trendyol.com/erkek-buyuk-beden-x-g2-c80
Erkek,Giyim,Kazak&Hırka,https://www.trendyol.com/erkek-kazak-hirka-x-g2-c101482
Erkek,Giyim,Ev Giyim,https://www.trendyol.com/erkek-ev-giyim-x-g2-c171779
Erkek,Giyim,Takım Elbise,https://www.trendyol.com/erkek-takim-elbise-x-g2-c78
Erkek,Giyim,Polar,https://www.trendyol.com/erkek-polar-x-g2-c1149
Erkek,Giyim,Yağmurluk & Rüzgarlık,https://www.trendyol.com/erkek-yagmurluk-ruzgarlik-x-g2-c1205
Erkek,Giyim,Tesettür Giyim,https://www.trendyol.com/erkek-tesettur-giyim-x-g2-c81
Erkek,Giyim,Kostüm,https://www.trendyol.com/erkek-kostum-x-g2-c104191
Erkek,Giyim,Tayt,https://www.trendyol.com/erkek-tayt-x-g2-c121
Erkek,Giyim,Bluz&Tunik&Büstiyer,https://www.trendyol.com/erkek-bluz-tunik-bustiyer-x-g2-c101475
Erkek,Giyim,Smokin,https://www.trendyol.com/erkek-smokin-x-g2-c145186
Erkek,Giyim,Body,https://www.trendyol.com/erkek-body-x-g2-c1020
Erkek,Giyim,Kimono & Kaftan,https://www.trendyol.com/erkek-kimono-kaftan-x-g2-c1095
Erkek,Giyim,Pardösü & Trençkot,https://www.trendyol.com/erkek-pardosu-trenckot-x-g2-c104599
Erkek,Giyim,Tulum&Salopet,https://www.trendyol.com/erkek-tulum-salopet-x-g2-c104150
Erkek,Giyim,Bebek Giyim,https://www.trendyol.com/erkek-bebek-giyim-x-g2-c104158
Erkek,Giyim,Elbise,https://www.trendyol.com/erkek-elbise-x-g2-c56
Erkek,Giyim,Etek,https://www.trendyol.com/erkek-etek-x-g2-c69
Erkek,Giyim,Mezuniyet Elbiseleri,https://www.trendyol.com/erkek-mezuniyet-elbiseleri-x-g2-c1117
Erkek,Giyim,Abiye Elbise,https://www.trendyol.com/erkek-abiye-elbise-x-g2-c55
Erkek,İç Giyim,Boxer,https://www.trendyol.com/erkek-boxer-x-g2-c61
Erkek,İç Giyim,Fantezi Giyim,https://www.trendyol.com/erkek-fantezi-giyim-x-g2-c109067
Erkek,İç Giyim,Külot,https://www.trendyol.com/erkek-kulot-x-g2-c1105
Erkek,İç Giyim,Slip,https://www.trendyol.com/erkek-slip-x-g2-c1171
Erkek,İç Giyim,Atlet & Body,https://www.trendyol.com/erkek-atlet-body-x-g2-c101492
Erkek,İç Giyim,String,https://www.trendyol.com/erkek-string-x-g2-c1176
Erkek,İç Giyim,İç Çamaşırı Takımı,https://www.trendyol.com/erkek-ic-camasiri-takimi-x-g2-c104536
Erkek,İç Giyim,Fanila,https://www.trendyol.com/erkek-fanila-x-g2-c104190
Erkek,İç Giyim,Jartiyer,https://www.trendyol.com/erkek-jartiyer-x-g2-c60
Erkek,İç Giyim,İçlik,https://www.trendyol.com/erkek-iclik-x-g2-c103713
Erkek,İç Giyim,Korse,https://www.trendyol.com/erkek-korse-x-g2-c1100
Erkek,İç Giyim,İç Giyim Aksesuarı,https://www.trendyol.com/erkek-ic-giyim-aksesuari-x-g2-c104535
Erkek,İç Giyim,Büstiyer,https://www.trendyol.com/erkek-bustiyer-x-g2-c74
Erkek,İç Giyim,Kombinezon,https://www.trendyol.com/erkek-kombinezon-x-g2-c1099
Ev & Mobilya,Aydınlatma,Avize,https://www.trendyol.com/avize-x-c1366
Ev & Mobilya,Aydınlatma,Masa ve Gece Lambası,https://www.trendyol.com/masa-lambasi-x-c104130
Ev & Mobilya,Aydınlatma,Aplik,https://www.trendyol.com/aplik-x-c101522
Ev & Mobilya,Aydınlatma,Lambader,https://www.trendyol.com/lambader-x-c103676
Ev & Mobilya,Aydınlatma,Abajur,https://www.trendyol.com/abajur-x-c101512
Ev & Mobilya,Ev Dekorasyon,Dekoratif Obje & Biblo,https://www.trendyol.com/dekoratif-obje-biblo-x-c104212
Ev & Mobilya,Ev Dekorasyon,Yapay & Kuru Çiçek,https://www.trendyol.com/yapay-cicek-x-c108963
Ev & Mobilya,Ev Dekorasyon,Duvar Dekorasyon Ürünü,https://www.trendyol.com/duvar-dekorasyon-urunu-x-c109004
Ev & Mobilya,Ev Dekorasyon,Mum ve Kandil,https://www.trendyol.com/mum-ve-kandil-x-c104154
Ev & Mobilya,Ev Dekorasyon,Tablo,https://www.trendyol.com/tablo-x-c1185
Ev & Mobilya,Ev Dekorasyon,Runner & Amerikan Servisi,https://www.trendyol.com/runner-amerikan-servisi-x-c1000
Ev & Mobilya,Ev Dekorasyon,Ayna,https://www.trendyol.com/ayna-x-c107995
Ev & Mobilya,Ev Dekorasyon,Kırlent ve Kırlent Kılıfı,https://www.trendyol.com/kirlent-ve-kirlent-kilifi-x-c104214
Ev & Mobilya,Ev Dekorasyon,Vazo,https://www.trendyol.com/vazo-x-c1203
Ev & Mobilya,Ev Dekorasyon,Şamdan&Mumluk,https://www.trendyol.com/samdan-mumluk-x-c104215
Ev & Mobilya,Ev Dekorasyon,Duvar Kağıdı,https://www.trendyol.com/duvar-kagidi-x-c109235
Ev & Mobilya,Ev Dekorasyon,Duvar Saati,https://www.trendyol.com/duvar-saati-x-c35
Ev & Mobilya,Ev Dekorasyon,Dekoratif Kutu,https://www.trendyol.com/dekoratif-kutu-x-c143566
Ev & Mobilya,Ev Dekorasyon,Yapışkanlı Folyo,https://www.trendyol.com/yapiskanli-folyo-x-c143727
Ev & Mobilya,Ev Dekorasyon,Çerçeve&Albüm,https://www.trendyol.com/cerceve-x-c101520
Ev & Mobilya,Ev Dekorasyon,Dekoratif Ürün,https://www.trendyol.com/dekoratif-urun-x-c101521
Ev & Mobilya,Ev Dekorasyon,Tütsü ve Buhurdanlık,https://www.trendyol.com/tutsu-ve-buhurdanlik-x-c144672
Ev & Mobilya,Ev Dekorasyon,Magnet,https://www.trendyol.com/magnet-x-c143571
Ev & Mobilya,Ev Dekorasyon,Kapı Önü Aksesuar,https://www.trendyol.com/kapi-onu-aksesuar-x-c104213
Ev & Mobilya,Ev Dekorasyon,Poster,https://www.trendyol.com/poster-x-c149391
Ev & Mobilya,Ev Dekorasyon,Duvar Sticker,https://www.trendyol.com/duvar-sticker-x-c1044
Ev & Mobilya,Ev Dekorasyon,Duvar Örtüsü,https://www.trendyol.com/duvar-ortusu-x-c109320
Ev & Mobilya,Ev Dekorasyon,Masa Saati,https://www.trendyol.com/masa-saati-x-c1113
Ev & Mobilya,Ev Dekorasyon,Paravan ve Seperatör,https://www.trendyol.com/paravan-ve-seperator-x-c144325
Ev & Mobilya,Ev Dekorasyon,Kitap Tutucu,https://www.trendyol.com/kitap-tutucu-x-c143572
Ev & Mobilya,Ev Tekstili,Yatak Odası Tekstili,https://www.trendyol.com/yatak-odasi-tekstili-x-c104442
Ev & Mobilya,Ev Tekstili,Salon Tekstili,https://www.trendyol.com/salon-tekstili-x-c144676
Ev & Mobilya,Ev Tekstili,Mutfak Tekstili,https://www.trendyol.com/mutfak-tekstili-x-c104439
Ev & Mobilya,Ev Tekstili,Bebek&Çocuk Odası Tekstili,https://www.trendyol.com/bebek-ve-cocuk-odasi-tekstili-x-c103750
Ev & Mobilya,Mobilya,Çalışma Odası,https://www.trendyol.com/calisma-odasi-x-c104201
Ev & Mobilya,Mobilya,Mutfak & Banyo Mobilyası,https://www.trendyol.com/mutfak-banyo-mobilyasi-x-c104506
Ev & Mobilya,Mobilya,Salon & Oturma Odası,https://www.trendyol.com/salon-oturma-odasi-mobilya-x-c104489
Ev & Mobilya,Mobilya,Antre & Hol,https://www.trendyol.com/antre-hol-x-c104198
Ev & Mobilya,Mobilya,Bahçe Balkon Mobilyası,https://www.trendyol.com/bahce-mobilyasi-x-c104474
Ev & Mobilya,Mobilya,Masa,https://www.trendyol.com/masa-x-c1112
Ev & Mobilya,Mobilya,Yatak Odası,https://www.trendyol.com/yatak-odasi-mobilya-x-c104448
Ev & Mobilya,Mobilya,Ofis Mobilyaları,https://www.trendyol.com/ofis-mobilyalari-x-c104465
Ev & Mobilya,Mobilya,Yemek Odası,https://www.trendyol.com/yemek-odasi-mobilyasi-x-c104480
Ev & Mobilya,Mobilya,Bebek Çocuk Odası,https://www.trendyol.com/bebek-cocuk-odasi-x-c104510
Ev & Mobilya,Mobilya,Dolaplar,https://www.trendyol.com/dolap-x-c105328
Ev & Mobilya,Otomobil & Motosiklet,Oto Aksesuarları,https://www.trendyol.com/oto-aksesuarlari-x-c103483
Ev & Mobilya,Otomobil & Motosiklet,Otomobil Yedek Parça,https://www.trendyol.com/otomobil-yedek-parca-x-c109002
Ev & Mobilya,Otomobil & Motosiklet,Lastik ve Lastik Aksesuar,https://www.trendyol.com/lastik-ve-lastik-aksesuar-x-c103897
Ev & Mobilya,Otomobil & Motosiklet,Motosiklet,https://www.trendyol.com/motosiklet-x-c109552
Ev & Mobilya,Otomobil & Motosiklet,Oto Ses & Görüntü Sistemleri,https://www.trendyol.com/oto-ses-goruntu-sistemleri-x-c103904
Ev & Mobilya,Otomobil & Motosiklet,Elektrikli Araç Şarj Ekipmanları,https://www.trendyol.com/elektrikli-arac-sarj-ekipmanlari-x-c172525
Ev & Mobilya,Sofra & Mutfak,Saklama&Düzenleme,https://www.trendyol.com/mutfak-saklama-duzenleme-x-c104172
Ev & Mobilya,Sofra & Mutfak,Sofra,https://www.trendyol.com/sofra-x-c104170
Ev & Mobilya,Sofra & Mutfak,Pişirme,https://www.trendyol.com/pisirme-x-c104169
Ev & Mobilya,Sofra & Mutfak,Yemek Hazırlık,https://www.trendyol.com/yemek-hazirlik-x-c104179
Ev & Mobilya,Sofra & Mutfak,Yağdanlık,https://www.trendyol.com/yagdanlik-x-c105637
Ev & Mobilya,Sofra & Mutfak,Baharat Öğütücü,https://www.trendyol.com/baharat-ogutucu-x-c152199
Ev & Mobilya,Sofra & Mutfak,Çay ve Kahve Demleme,https://www.trendyol.com/cay-ve-kahve-demleme-x-c144007
Ev & Mobilya,Sofra & Mutfak,Suluk&Matara,https://www.trendyol.com/suluk-ve-matara-x-c103714
Ev & Mobilya,Sofra & Mutfak,Endüstriyel Mutfak Ekipmanları,https://www.trendyol.com/endustriyel-mutfak-ekipmanlari-x-c109331
Ev & Mobilya,Sofra & Mutfak,Pastacılık Ekipmanları,https://www.trendyol.com/pastacilik-ekipmanlari-x-c152400
Ev & Mobilya,Sofra & Mutfak,Düdüklü Tencere,https://www.trendyol.com/duduklu-tencere-x-c101506
Ev & Mobilya,Sofra & Mutfak,Kahve ve Baharat Öğütücü,https://www.trendyol.com/kahve-ve-baharat-ogutucu-x-c144026
Ev & Mobilya,Sofra & Mutfak,Manuel Kıyma Makinesi,https://www.trendyol.com/manuel-kiyma-makinesi-x-c152396
Ev & Mobilya,Spor & Outdoor,Fitness ve Kondisyon,https://www.trendyol.com/fitness-ve-kondisyon-x-c104273
Ev & Mobilya,Spor & Outdoor,Sporcu Aksesuarları,https://www.trendyol.com/sporcu-aksesuarlari-x-c104521
Ev & Mobilya,Spor & Outdoor,Su Sporları,https://www.trendyol.com/su-sporlari-x-c145901
Ev & Mobilya,Spor & Outdoor,Branş Sporları,https://www.trendyol.com/brans-sporlari-x-c145607
Ev & Mobilya,Spor & Outdoor,Spor Malzemesi,https://www.trendyol.com/spor-malzemesi-x-c149607
Ev & Mobilya,Spor & Outdoor,Bisiklet&Aksesuarları,https://www.trendyol.com/bisiklet-ve-aksesuar-x-c104579
Ev & Mobilya,Spor & Outdoor,Kayak ve Snowboard,https://www.trendyol.com/kayak-ve-snowboard-x-c145855
Ev & Mobilya,Spor & Outdoor,Paten ve Kaykay ve Scooter,https://www.trendyol.com/paten-ve-kaykay-ve-scooter-x-c145878
Ev & Mobilya,Spor & Outdoor,Bisiklet&Paten,https://www.trendyol.com/bisiklet-paten-x-c104528
Ev & Mobilya,Spor & Outdoor,Elektrikli Taşıtlar,https://www.trendyol.com/elektrikli-tasitlar-x-c145805
Ev & Mobilya,Yapı Market,Hırdavat Ürünleri,https://www.trendyol.com/hirdavat-urunleri-x-c103725
Ev & Mobilya,Yapı Market,Banyo & Yapı Malzemeleri,https://www.trendyol.com/banyo-yapi-malzemeleri-x-c105718
Ev & Mobilya,Yapı Market,Boya,https://www.trendyol.com/boya-x-c103721
Ev & Mobilya,Yapı Market,Elektrik & Tesisat Malzemeleri,https://www.trendyol.com/elektrik-tesisat-malzemeleri-x-c110895
Ev & Mobilya,Yapı Market,Isıtma ve Soğutma,https://www.trendyol.com/isitma-ve-sogutma-x-c144299
Kadın,Aksesuar,Takı & Mücevher,https://www.trendyol.com/kadin-taki-mucevher-x-g1-c28
Kadın,Aksesuar,Çanta,https://www.trendyol.com/kadin-canta-x-g1-c117
Kadın,Aksesuar,Saat,https://www.trendyol.com/kadin-saat-x-g1-c34
Kadın,Aksesuar,Gözlük ve Gözlük Aksesuarları,https://www.trendyol.com/kadin-gozluk-ve-gozluk-aksesuarlari-x-g1-c166450
Kadın,Aksesuar,Saç Aksesuarları,https://www.trendyol.com/kadin-sac-aksesuarlari-x-g1-c101434
Kadın,Aksesuar,Cüzdan & Kartlık,https://www.trendyol.com/kadin-cuzdan-kartlik-x-g1-c1353
Kadın,Aksesuar,Şal&Fular,https://www.trendyol.com/kadin-sal-ve-fular-x-g1-c101433
Kadın,Aksesuar,Kemer&Pantolon Askısı,https://www.trendyol.com/kadin-kemer-pantolon-askisi-x-g1-c104148
Kadın,Aksesuar,Şapka & Bere & Eldiven,https://www.trendyol.com/kadin-sapka-bere-eldiven-x-g1-c101499
Kadın,Aksesuar,Şemsiye,https://www.trendyol.com/kadin-semsiye-x-g1-c1183
Kadın,Aksesuar,Saat Seti,https://www.trendyol.com/kadin-saat-seti-x-g1-c146155
Kadın,Aksesuar,Kravat&Papyon,https://www.trendyol.com/kadin-kravat-papyon-x-g1-c104146
Kadın,Aksesuar,Gelin Aksesuarı,https://www.trendyol.com/kadin-gelin-aksesuari-x-g1-c101436
Kadın,Aksesuar,Aksesuar Set,https://www.trendyol.com/kadin-aksesuar-set-x-g1-c109332
Kadın,Ev & İç Giyim,Fantezi Giyim,https://www.trendyol.com/kadin-fantezi-giyim-x-g1-c109067
Kadın,Ev & İç Giyim,İç Çamaşırı Takımı,https://www.trendyol.com/kadin-ic-camasiri-takimi-x-g1-c104536
Kadın,Ev & İç Giyim,Külot,https://www.trendyol.com/kadin-kulot-x-g1-c1105
Kadın,Ev & İç Giyim,Sütyen,https://www.trendyol.com/kadin-sutyen-x-g1-c63
Kadın,Ev & İç Giyim,String,https://www.trendyol.com/kadin-string-x-g1-c1176
Kadın,Ev & İç Giyim,Büstiyer,https://www.trendyol.com/kadin-bustiyer-x-g1-c74
Kadın,Ev & İç Giyim,Boxer,https://www.trendyol.com/kadin-boxer-x-g1-c61
Kadın,Ev & İç Giyim,İç Giyim Aksesuarı,https://www.trendyol.com/kadin-ic-giyim-aksesuari-x-g1-c104535
Kadın,Ev & İç Giyim,Korse,https://www.trendyol.com/kadin-korse-x-g1-c1100
Kadın,Ev & İç Giyim,Kombinezon,https://www.trendyol.com/kadin-kombinezon-x-g1-c1099
Kadın,Ev & İç Giyim,Atlet & Body,https://www.trendyol.com/kadin-atlet-body-x-g1-c101492
Kadın,Ev & İç Giyim,Slip,https://www.trendyol.com/kadin-slip-x-g1-c1171
Kadın,Ev & İç Giyim,Babydoll,https://www.trendyol.com/kadin-babydoll-x-g1-c1008
Kadın,Ev & İç Giyim,Jartiyer,https://www.trendyol.com/kadin-jartiyer-x-g1-c60
Kadın,Ev & İç Giyim,İçlik,https://www.trendyol.com/kadin-iclik-x-g1-c103713
Kadın,Ev & İç Giyim,Fanila,https://www.trendyol.com/kadin-fanila-x-g1-c104190
Kadın,Giyim,T-Shirt,https://www.trendyol.com/kadin-t-shirt-x-g1-c73
Kadın,Giyim,Elbise,https://www.trendyol.com/kadin-elbise-x-g1-c56
Kadın,Giyim,Pantolon,https://www.trendyol.com/kadin-pantolon-x-g1-c70
Kadın,Giyim,Alt - Üst Takım,https://www.trendyol.com/kadin-alt-ust-takim-x-g1-c83
Kadın,Giyim,Bluz&Tunik&Büstiyer,https://www.trendyol.com/kadin-bluz-tunik-bustiyer-x-g1-c101475
Kadın,Giyim,Gömlek,https://www.trendyol.com/kadin-gomlek-x-g1-c75
Kadın,Giyim,Etek,https://www.trendyol.com/kadin-etek-x-g1-c69
Kadın,Giyim,Plaj Giyim,https://www.trendyol.com/kadin-plaj-giyim-x-g1-c68
Kadın,Giyim,İç Giyim,https://www.trendyol.com/kadin-ic-giyim-x-g1-c64
Kadın,Giyim,Ev Giyim,https://www.trendyol.com/kadin-ev-giyim-x-g1-c171779
Kadın,Giyim,Body,https://www.trendyol.com/kadin-body-x-g1-c1020
Kadın,Giyim,Ceket & Yelek,https://www.trendyol.com/kadin-ceket-yelek-x-g1-c104153
Kadın,Giyim,Jeans,https://www.trendyol.com/kadin-jean-x-g1-c120
Kadın,Giyim,Kapri & Bermuda,https://www.trendyol.com/kadin-kapri-bermuda-x-g1-c101484
Kadın,Giyim,Şort,https://www.trendyol.com/kadin-sort-x-g1-c119
Kadın,Giyim,Abiye Elbise,https://www.trendyol.com/kadin-abiye-elbise-x-g1-c55
Kadın,Giyim,Mezuniyet Elbiseleri,https://www.trendyol.com/kadin-mezuniyet-elbiseleri-x-g1-c1117
Kadın,Giyim,Tulum&Salopet,https://www.trendyol.com/kadin-tulum-salopet-x-g1-c104150
Kadın,Giyim,Sweatshirt,https://www.trendyol.com/kadin-sweatshirt-x-g1-c1179
Kadın,Giyim,Kimono & Kaftan,https://www.trendyol.com/kadin-kimono-kaftan-x-g1-c1095
Kadın,Giyim,Tayt,https://www.trendyol.com/kadin-tayt-x-g1-c121
Kadın,Giyim,Tesettür Giyim,https://www.trendyol.com/kadin-tesettur-giyim-x-g1-c81
Kadın,Giyim,Kazak&Hırka,https://www.trendyol.com/kadin-kazak-hirka-x-g1-c101482
Kadın,Giyim,Büyük Beden,https://www.trendyol.com/kadin-buyuk-beden-x-g1-c80
Kadın,Giyim,Çorap,https://www.trendyol.com/kadin-corap-x-g1-c1038
Kadın,Giyim,Kaban & Mont,https://www.trendyol.com/kadin-kaban-mont-x-g1-c104598
Kadın,Giyim,Pardösü & Trençkot,https://www.trendyol.com/kadin-pardosu-trenckot-x-g1-c104599
Kadın,Giyim,Takım Elbise,https://www.trendyol.com/kadin-takim-elbise-x-g1-c78
Kadın,Giyim,Polo Yaka T-shirt,https://www.trendyol.com/kadin-polo-yaka-t-shirt-x-g1-c108775
Kadın,Giyim,Yağmurluk & Rüzgarlık,https://www.trendyol.com/kadin-yagmurluk-ruzgarlik-x-g1-c1205
Kadın,Giyim,Polar,https://www.trendyol.com/kadin-polar-x-g1-c1149
Kadın,Giyim,Gelinlik,https://www.trendyol.com/kadin-gelinlik-x-g1-c57
Kadın,Giyim,Kostüm,https://www.trendyol.com/kadin-kostum-x-g1-c104191
Kadın,Giyim,Bebek Giyim,https://www.trendyol.com/kadin-bebek-giyim-x-g1-c104158
Kadın,Giyim,Smokin,https://www.trendyol.com/kadin-smokin-x-g1-c145186
Kadın,Kozmetik,Makyaj,https://www.trendyol.com/makyaj-x-c100
Kadın,Kozmetik,Cilt Bakım,https://www.trendyol.com/cilt-bakimi-x-c85
Kadın,Kozmetik,Parfüm & Deodorant,https://www.trendyol.com/parfum-ve-deodorant-x-c103717
Kadın,Kozmetik,Saç Bakım,https://www.trendyol.com/sac-bakimi-x-c87
Kadın,Kozmetik,Ağız Bakım,https://www.trendyol.com/agiz-bakim-x-c101396
Kadın,Kozmetik,Tıraş & Ağda & Epilasyon,https://www.trendyol.com/tiras-agda-epilasyon-x-c105782
Kadın,Kozmetik,Kadın Hijyen,https://www.trendyol.com/kadin-hijyen-x-c105516
Kadın,Kozmetik,Bakım Aksesuarları,https://www.trendyol.com/diger-kisisel-bakim-urunleri-x-c104068
Kitap & Kırtasiye & Hobi,Din Ve Mitoloji,Dini Kitaplar,https://www.trendyol.com/din-kitabi-x-c104376
Kitap & Kırtasiye & Hobi,Din Ve Mitoloji,Mitoloji,https://www.trendyol.com/mitoloji-kitabi-x-c104377
Kitap & Kırtasiye & Hobi,Drone,Drone,https://www.trendyol.com/drone-x-c108931
Kitap & Kırtasiye & Hobi,Drone,Drone Aksesuarı,https://www.trendyol.com/drone-aksesuari-x-c109054
Kitap & Kırtasiye & Hobi,E-Kitap Okuyucu,E Kitap Okuyucu,https://www.trendyol.com/e-kitap-x-c103673
Kitap & Kırtasiye & Hobi,E-Kitap Okuyucu,Dijital Dergi,https://www.trendyol.com/dijital-dergi-x-c104373
Kitap & Kırtasiye & Hobi,E-Kitap Okuyucu,E-Kitap Aksesuarları,https://www.trendyol.com/e-kitap-aksesuarlari-x-c172061
Kitap & Kırtasiye & Hobi,Eğitim,Sınav Hazırlık,https://www.trendyol.com/sinav-hazirlik-kitabi-x-c104360
Kitap & Kırtasiye & Hobi,Eğitim,Ders ve Yardımcı Kitap,https://www.trendyol.com/ders-ve-yardimci-kitaplar-x-c104420
Kitap & Kırtasiye & Hobi,Eğitim,Bilgisayar Kitapları,https://www.trendyol.com/bilgisayar-kitabi-x-c104358
Kitap & Kırtasiye & Hobi,Eğitim,Sözlük & İmla Kılavuzu,https://www.trendyol.com/sozluk-imla-kilavuzu-x-c104361
Kitap & Kırtasiye & Hobi,Hediyelik Ürünler,Konsept Hediyelik,https://www.trendyol.com/konsept-hediyelik-x-c106338
Kitap & Kırtasiye & Hobi,Hediyelik Ürünler,Hediye Kutusu,https://www.trendyol.com/hediye-kutusu-x-c110313
Kitap & Kırtasiye & Hobi,Hediyelik Ürünler,Kar Küresi,https://www.trendyol.com/kar-kuresi-x-c108924
Kitap & Kırtasiye & Hobi,Hediyelik Ürünler,Figürler,https://www.trendyol.com/figurler-x-c104570
Kitap & Kırtasiye & Hobi,Hediyelik Ürünler,Hediye Sepeti,https://www.trendyol.com/hediye-sepeti-x-c108925
Kitap & Kırtasiye & Hobi,Hediyelik Ürünler,Müzik Kutusu,https://www.trendyol.com/muzik-kutusu-x-c110315
Kitap & Kırtasiye & Hobi,Hediyelik Ürünler,Koleksiyon,https://www.trendyol.com/koleksiyon-x-c106092
Kitap & Kırtasiye & Hobi,Hediyelik Ürünler,Kum Saati,https://www.trendyol.com/kum-saati-x-c143831
Kitap & Kırtasiye & Hobi,Hediyelik Ürünler,Kumbara,https://www.trendyol.com/kumbara-x-c143832
Kitap & Kırtasiye & Hobi,Hediyelik Ürünler,Hediye Poşeti,https://www.trendyol.com/hediye-poseti-x-c110314
Kitap & Kırtasiye & Hobi,Hediyelik Ürünler,Paketleme Malzemesi,https://www.trendyol.com/paketleme-malzemesi-x-c110316
Kitap & Kırtasiye & Hobi,Hediyelik Ürünler,Ödül Kupası,https://www.trendyol.com/odul-kupasi-x-c143820
Kitap & Kırtasiye & Hobi,Hediyelik Ürünler,Madalya,https://www.trendyol.com/madalya-x-c143819
Kitap & Kırtasiye & Hobi,Hobi Malzemeleri,Boncuk,https://www.trendyol.com/boncuk-x-c109702
Kitap & Kırtasiye & Hobi,Hobi Malzemeleri,Nakış Kiti,https://www.trendyol.com/nakis-kiti-x-c109692
Kitap & Kırtasiye & Hobi,Hobi Malzemeleri,Kumaş,https://www.trendyol.com/kumas-x-c109111
Kitap & Kırtasiye & Hobi,Hobi Malzemeleri,Örgü İpi,https://www.trendyol.com/orgu-ipi-x-c109695
Kitap & Kırtasiye & Hobi,Hobi Malzemeleri,Örgü Kiti,https://www.trendyol.com/orgu-kiti-x-c109693
Kitap & Kırtasiye & Hobi,Hobi Malzemeleri,Dekoratif Şerit,https://www.trendyol.com/dekoratif-serit-x-c109714
Kitap & Kırtasiye & Hobi,Hobi Malzemeleri,Kurdele,https://www.trendyol.com/kurdele-x-c109703
Kitap & Kırtasiye & Hobi,Hobi Malzemeleri,Nakış İpi,https://www.trendyol.com/nakis-ipi-x-c109694
Kitap & Kırtasiye & Hobi,Hobi Malzemeleri,Düğme,https://www.trendyol.com/dugme-x-c109706
Kitap & Kırtasiye & Hobi,Hobi Malzemeleri,İğne,https://www.trendyol.com/igne-x-c109708
Kitap & Kırtasiye & Hobi,Hobi Malzemeleri,Şiş,https://www.trendyol.com/sis-x-c109699
Kitap & Kırtasiye & Hobi,Hobi Malzemeleri,Deri,https://www.trendyol.com/deri-x-c109707
Kitap & Kırtasiye & Hobi,Hobi Malzemeleri,Tığ,https://www.trendyol.com/tig-x-c109700
Kitap & Kırtasiye & Hobi,Hobi Malzemeleri,Dantel,https://www.trendyol.com/dantel-x-c109712
Kitap & Kırtasiye & Hobi,Hobi Malzemeleri,Güpür,https://www.trendyol.com/gupur-x-c109711
Kitap & Kırtasiye & Hobi,Hobi Malzemeleri,Fermuar,https://www.trendyol.com/fermuar-x-c109704
Kitap & Kırtasiye & Hobi,Hobi Malzemeleri,Keçe Malzemesi,https://www.trendyol.com/kece-malzemesi-x-c109701
Kitap & Kırtasiye & Hobi,Hobi Malzemeleri,Ponpon,https://www.trendyol.com/ponpon-x-c109709
Kitap & Kırtasiye & Hobi,Hobi Malzemeleri,Kasnak,https://www.trendyol.com/kasnak-x-c109705
Kitap & Kırtasiye & Hobi,Hobi Malzemeleri,Süsleme Tülü,https://www.trendyol.com/susleme-tulu-x-c164079
Kitap & Kırtasiye & Hobi,Hobi Malzemeleri,Rafya,https://www.trendyol.com/rafya-x-c109710
Kitap & Kırtasiye & Hobi,"Hobi, Sanat, Akademik",Hobi Kitapları,https://www.trendyol.com/hobi-kitaplari-x-c104410
Kitap & Kırtasiye & Hobi,"Hobi, Sanat, Akademik",Araştırma&Tarih&Siyaset,https://www.trendyol.com/arastirma-tarih-siyaset-x-c104378
Kitap & Kırtasiye & Hobi,"Hobi, Sanat, Akademik",Sağlık&Spor&Diyet,https://www.trendyol.com/saglik-spor-diyet-x-c104328
Kitap & Kırtasiye & Hobi,"Hobi, Sanat, Akademik",Akademik,https://www.trendyol.com/akademik-x-c104291
Kitap & Kırtasiye & Hobi,"Hobi, Sanat, Akademik",İş&Ekonomi&Pazarlama,https://www.trendyol.com/is-ekonomi-pazarlama-x-c104335
Kitap & Kırtasiye & Hobi,"Hobi, Sanat, Akademik",Sanat,https://www.trendyol.com/sanat-x-c104315
Kitap & Kırtasiye & Hobi,Kişisel Gelişim,Kişisel Gelişim,https://www.trendyol.com/kisisel-gelisim-x-c104344
Kitap & Kırtasiye & Hobi,Kişisel Gelişim,Sözlü İletişim&Beden Dili,https://www.trendyol.com/sozlu-iletisim-beden-dili-kitabi-x-c104348
Kitap & Kırtasiye & Hobi,Kırtasiye,Kişisel Gelişim,https://www.trendyol.com/kisisel-gelisim-x-c104344
Kitap & Kırtasiye & Hobi,Kırtasiye,Sözlü İletişim&Beden Dili,https://www.trendyol.com/sozlu-iletisim-beden-dili-kitabi-x-c104348
Kitap & Kırtasiye & Hobi,Müzik Aletleri,Müzik Aletleri,https://www.trendyol.com/muzik-aletleri-x-c106566
Kitap & Kırtasiye & Hobi,Müzik Aletleri,Pikap & Plak ve Aksesuarlar,https://www.trendyol.com/pikap-plak-ve-aksesuarlar-x-c163980
Kitap & Kırtasiye & Hobi,Müzik Aletleri,Müzik Albümleri,https://www.trendyol.com/muzik-albumleri-x-c163990
Kitap & Kırtasiye & Hobi,Müzik Aletleri,Müzik Aleti Kılıfı,https://www.trendyol.com/muzik-aleti-kilifi-x-c109665
Kitap & Kırtasiye & Hobi,Oyun Grupları,Oyun Kartları,https://www.trendyol.com/oyun-kartlari-x-c108707
Kitap & Kırtasiye & Hobi,Oyun Grupları,Maket,https://www.trendyol.com/maket-x-c104399
Kitap & Kırtasiye & Hobi,Oyun Grupları,Diğer Oyun Takımları,https://www.trendyol.com/diger-oyun-takimlari-x-c108708
Kitap & Kırtasiye & Hobi,Oyun Grupları,Puzzle ve Puzzle Aksesuarları,https://www.trendyol.com/puzzle-ve-puzzle-aksesuarlari-x-c109305
Kitap & Kırtasiye & Hobi,Oyun Grupları,Okey Takımı,https://www.trendyol.com/okey-takimi-x-c108706
Kitap & Kırtasiye & Hobi,Oyun Grupları,Kağıt Oyunu,https://www.trendyol.com/kagit-oyunu-x-c164193
Kitap & Kırtasiye & Hobi,Oyun Grupları,Satranç,https://www.trendyol.com/satranc-x-c108705
Kitap & Kırtasiye & Hobi,Oyun Grupları,Tavla,https://www.trendyol.com/tavla-x-c108704
Kitap & Kırtasiye & Hobi,Oyun Grupları,Tombala,https://www.trendyol.com/tombala-x-c109308
Kitap & Kırtasiye & Hobi,Parti Malzemeleri,Parti Süsleri,https://www.trendyol.com/parti-susleri-x-c163988
Kitap & Kırtasiye & Hobi,Parti Malzemeleri,Balon ve Balon Aksesuarları,https://www.trendyol.com/balon-ve-balon-aksesuarlari-x-c163986
Kitap & Kırtasiye & Hobi,Parti Malzemeleri,Parti Sofra Ürünleri,https://www.trendyol.com/parti-sofra-urunleri-x-c163987
Kitap & Kırtasiye & Hobi,Parti Malzemeleri,Kostüm & Aksesuar,https://www.trendyol.com/kostum-aksesuar-x-c163989
Kitap & Kırtasiye & Hobi,Roman ve Edebiyat,Roman,https://www.trendyol.com/roman-x-c104309
Kitap & Kırtasiye & Hobi,Roman ve Edebiyat,Edebiyat,https://www.trendyol.com/edebiyat-x-c104299
Kitap & Kırtasiye & Hobi,Uzaktan Kumandalı Araçlar,RC Araçlar,https://www.trendyol.com/rc-araclar-x-c110824
Kitap & Kırtasiye & Hobi,Uzaktan Kumandalı Araçlar,Model Araç,https://www.trendyol.com/model-arac-x-c104400
Kitap & Kırtasiye & Hobi,Uzaktan Kumandalı Araçlar,Drone ve Drone Aksesuarları,https://www.trendyol.com/drone-ve-drone-aksesuarlari-x-c164208
Kitap & Kırtasiye & Hobi,Uzaktan Kumandalı Araçlar,Robotik Malzeme,https://www.trendyol.com/robotik-malzeme-x-c144461
Kitap & Kırtasiye & Hobi,Yabancı Dil Kitaplar,Yabancı Dil Eğitimi,https://www.trendyol.com/yabanci-dil-egitim-kitabi-x-c104359
Kitap & Kırtasiye & Hobi,Yabancı Dil Kitaplar,Yabancı Roman,https://www.trendyol.com/yabanci-roman-x-c104325
Kitap & Kırtasiye & Hobi,Yabancı Dil Kitaplar,Yabancı Dil Çocuk Kitapları,https://www.trendyol.com/yabanci-dil-cocuk-kitabi-x-c104321
Kitap & Kırtasiye & Hobi,Yabancı Dil Kitaplar,Yabancı Dil Hobi Kitapları,https://www.trendyol.com/yabanci-dil-hobi-kitabi-x-c104323
Kitap & Kırtasiye & Hobi,Yabancı Dil Kitaplar,Dil Kartları,https://www.trendyol.com/dil-kartlari-x-c164890
Kitap & Kırtasiye & Hobi,Çakmak Ürünleri,Nargile & Nargile Aksesuarları,https://www.trendyol.com/nargile-nargile-aksesuarlari-x-c144492
Kitap & Kırtasiye & Hobi,Çakmak Ürünleri,Sigara Aksesuarları,https://www.trendyol.com/sigara-aksesuarlari-x-c144495
Kitap & Kırtasiye & Hobi,Çakmak Ürünleri,Çakmak,https://www.trendyol.com/cakmak-x-c143897
Kitap & Kırtasiye & Hobi,Çakmak Ürünleri,Pipo & Pipo Malzemeleri,https://www.trendyol.com/pipo-ve-pipo-malzemeleri-x-c143956
Kitap & Kırtasiye & Hobi,Çakmak Ürünleri,Puro Malzemeleri,https://www.trendyol.com/puro-malzemeleri-x-c109127
Kitap & Kırtasiye & Hobi,"Çizgi Roman, Dergi ve Gazete",Çizgi Roman,https://www.trendyol.com/cizgi-roman-x-c104394
Kitap & Kırtasiye & Hobi,"Çizgi Roman, Dergi ve Gazete",Dergi,https://www.trendyol.com/dergi-x-c104362
Kitap & Kırtasiye & Hobi,"Çizgi Roman, Dergi ve Gazete",Manga,https://www.trendyol.com/manga-x-c164891
Kitap & Kırtasiye & Hobi,"Çizgi Roman, Dergi ve Gazete",Mizah&Karikatür,https://www.trendyol.com/mizah-karikatur-x-c104395
Kitap & Kırtasiye & Hobi,"Çizgi Roman, Dergi ve Gazete",Gazete,https://www.trendyol.com/gazete-x-c142575
Kitap & Kırtasiye & Hobi,Çocuk ve Ebeveyn Kitapları,Çocuk Bakımı Ebeveynlik,https://www.trendyol.com/cocuk-bakimi-ebeveynlik-x-c104408
Kitap & Kırtasiye & Hobi,"İş, Ekonomi & Pazarlama",Ekonomi&İş Dünyası,https://www.trendyol.com/ekonomi-is-dunyasi-x-c104402
Kitap & Kırtasiye & Hobi,"İş, Ekonomi & Pazarlama",Muhasebe&Finans,https://www.trendyol.com/muhasebe-finans-kitabi-x-c104354
Kitap & Kırtasiye & Hobi,"İş, Ekonomi & Pazarlama",Medya&İletişim,https://www.trendyol.com/medya-iletisim-x-c104338
Kitap & Kırtasiye & Hobi,"İş, Ekonomi & Pazarlama",Reklam&Halkla İlişkiler,https://www.trendyol.com/reklam-halkla-iliskiler-x-c104355
Kitap & Kırtasiye & Hobi,"İş, Ekonomi & Pazarlama",İş Yönetimi,https://www.trendyol.com/is-yonetimi-x-c104337
Spor & Outdoor,Bisiklet,Bisiklet,https://www.trendyol.com/bisiklet-x-c104580
Spor & Outdoor,Evde Spor Aletleri,Fitness ve Kondisyon,https://www.trendyol.com/fitness-ve-kondisyon-x-c104273
Spor & Outdoor,Evde Spor Aletleri,Sporcu Aksesuarları,https://www.trendyol.com/sporcu-aksesuarlari-x-c104521
Spor & Outdoor,Evde Spor Aletleri,Su Sporları,https://www.trendyol.com/su-sporlari-x-c145901
Spor & Outdoor,Evde Spor Aletleri,Branş Sporları,https://www.trendyol.com/brans-sporlari-x-c145607
Spor & Outdoor,Evde Spor Aletleri,Spor Malzemesi,https://www.trendyol.com/spor-malzemesi-x-c149607
Spor & Outdoor,Evde Spor Aletleri,Bisiklet&Aksesuarları,https://www.trendyol.com/bisiklet-ve-aksesuar-x-c104579
Spor & Outdoor,Evde Spor Aletleri,Kayak ve Snowboard,https://www.trendyol.com/kayak-ve-snowboard-x-c145855
Spor & Outdoor,Evde Spor Aletleri,Paten ve Kaykay ve Scooter,https://www.trendyol.com/paten-ve-kaykay-ve-scooter-x-c145878
Spor & Outdoor,Evde Spor Aletleri,Bisiklet&Paten,https://www.trendyol.com/bisiklet-paten-x-c104528
Spor & Outdoor,Evde Spor Aletleri,Elektrikli Taşıtlar,https://www.trendyol.com/elektrikli-tasitlar-x-c145805
Spor & Outdoor,Fitness Kondisyon,Vücut Geliştirme Aletleri,https://www.trendyol.com/vucut-gelistirme-aletleri-x-c104282
Spor & Outdoor,Fitness Kondisyon,Fitness Aletleri,https://www.trendyol.com/fitness-aletleri-x-c108957
Spor & Outdoor,Fitness Kondisyon,Pilates ve Yoga,https://www.trendyol.com/pilates-ve-yoga-x-c145820
Spor & Outdoor,Fitness Kondisyon,El Bilek Ateli,https://www.trendyol.com/el-bilek-ateli-x-c149790
Spor & Outdoor,Fitness Kondisyon,El&Ayak Ağırlıkları,https://www.trendyol.com/el-ayak-agirliklari-x-c104274
Spor & Outdoor,Fitness Kondisyon,Crossfit,https://www.trendyol.com/crossfit-x-c145808
Spor & Outdoor,Spor Malzemeleri,Fitness ve Kondisyon,https://www.trendyol.com/fitness-ve-kondisyon-x-c104273
Spor & Outdoor,Spor Malzemeleri,Sporcu Aksesuarları,https://www.trendyol.com/sporcu-aksesuarlari-x-c104521
Spor & Outdoor,Spor Malzemeleri,Su Sporları,https://www.trendyol.com/su-sporlari-x-c145901
Spor & Outdoor,Spor Malzemeleri,Branş Sporları,https://www.trendyol.com/brans-sporlari-x-c145607
Spor & Outdoor,Spor Malzemeleri,Spor Malzemesi,https://www.trendyol.com/spor-malzemesi-x-c149607
Spor & Outdoor,Spor Malzemeleri,Bisiklet&Aksesuarları,https://www.trendyol.com/bisiklet-ve-aksesuar-x-c104579
Spor & Outdoor,Spor Malzemeleri,Kayak ve Snowboard,https://www.trendyol.com/kayak-ve-snowboard-x-c145855
Spor & Outdoor,Spor Malzemeleri,Paten ve Kaykay ve Scooter,https://www.trendyol.com/paten-ve-kaykay-ve-scooter-x-c145878
Spor & Outdoor,Spor Malzemeleri,Bisiklet&Paten,https://www.trendyol.com/bisiklet-paten-x-c104528
Spor & Outdoor,Spor Malzemeleri,Elektrikli Taşıtlar,https://www.trendyol.com/elektrikli-tasitlar-x-c145805
Spor & Outdoor,Sporcu Besinleri,Protein Tozu,https://www.trendyol.com/protein-tozu-x-c104165
Spor & Outdoor,Sporcu Besinleri,Kreatin,https://www.trendyol.com/kreatin-x-c104162
Spor & Outdoor,Sporcu Besinleri,L-Karnitin & CLA,https://www.trendyol.com/l-karnitin-cla-x-c104163
Spor & Outdoor,Sporcu Besinleri,Güç & Performans Ürünü,https://www.trendyol.com/guc-performans-urunu-x-c105094
Spor & Outdoor,Sporcu Besinleri,Amino Asit,https://www.trendyol.com/amino-asit-x-c104160
Spor & Outdoor,Sporcu Besinleri,Karbonhidrat (Mass Gainer),https://www.trendyol.com/karbonhidrat-mass-gainer-x-c104161
Spor & Outdoor,Sporcu Besinleri,Özel Sporcu Besinleri,https://www.trendyol.com/ozel-sporcu-besinleri-x-c104164
Spor & Outdoor,Sporcu Besinleri,Protein Bar,https://www.trendyol.com/protein-bar-x-c110468
Spor & Outdoor,Sporcu Besinleri,Proteinli Besin,https://www.trendyol.com/proteinli-besin-x-c145935
Spor & Outdoor,Sporcu Besinleri,Protein Shaker,https://www.trendyol.com/shaker-aksesuar-x-c104225
Spor & Outdoor,Top,Top,https://www.trendyol.com/top-x-c104281
Süpermarket,Atıştırmalık,Çikolata,https://www.trendyol.com/cikolata-x-c103950
Süpermarket,Atıştırmalık,Şekerleme,https://www.trendyol.com/sekerleme-x-c103956
Süpermarket,Atıştırmalık,Sağlıklı Atıştırmalıklar,https://www.trendyol.com/saglikli-atistirmaliklar-x-c105095
Süpermarket,Atıştırmalık,Cips,https://www.trendyol.com/cips-x-c103949
Süpermarket,Atıştırmalık,Lokum,https://www.trendyol.com/lokum-x-c103954
Süpermarket,Atıştırmalık,Bisküvi,https://www.trendyol.com/biskuvi-x-c103948
Süpermarket,Atıştırmalık,Kek,https://www.trendyol.com/kek-x-c105470
Süpermarket,Atıştırmalık,Dondurma,https://www.trendyol.com/dondurma-x-c109487
Süpermarket,Atıştırmalık,Gofret,https://www.trendyol.com/gofret-x-c144188
Süpermarket,Atıştırmalık,Kuruyemiş,https://www.trendyol.com/kuruyemis-x-c103953
Süpermarket,Atıştırmalık,Kuru Meyve,https://www.trendyol.com/kuru-meyve-x-c144071
Süpermarket,Atıştırmalık,Sakız,https://www.trendyol.com/sakiz-x-c103955
Süpermarket,Atıştırmalık,Atıştırmalık Bar,https://www.trendyol.com/atistirmalik-bar-x-c144884
Süpermarket,Atıştırmalık,Unlu Mamül,https://www.trendyol.com/unlu-mamul-x-c109626
Süpermarket,Atıştırmalık,Tatlı,https://www.trendyol.com/tatli-x-c104009
Süpermarket,Bebek Bakım,Bebek Bakım ve Kozmetik,https://www.trendyol.com/bebek-bakim-ve-kozmetik-x-c105559
Süpermarket,Bebek Bakım,Anne Bakım,https://www.trendyol.com/anne-bakim-x-c109116
Süpermarket,Bebek Bakım,Burun Aspiratörü,https://www.trendyol.com/burun-aspiratoru-x-c144856
Süpermarket,Bebek Bakım,Bebek Temizlik,https://www.trendyol.com/bebek-temizlik-x-c144858
Süpermarket,Bebek Bakım,Bebek Temizleme Pamuğu,https://www.trendyol.com/bebek-temizleme-pamugu-x-c144855
Süpermarket,Bebek Bakım,Bebek Ateş Ölçer,https://www.trendyol.com/bebek-ates-olcer-x-c144854
Süpermarket,Bebek Bakım,"Damla, Serum, Sprey",https://www.trendyol.com/damla-serum-sprey-x-c144857
Süpermarket,Bebek Bakım,Beslenme Emzirme,https://www.trendyol.com/beslenme-emzirme-x-c103752
Süpermarket,Bebek Bakım,Bebek Beslenme ve Emzirme,https://www.trendyol.com/bebek-beslenme-ve-emzirme-x-c144841
Süpermarket,Ev & Temizlik,Ev Temizlik,https://www.trendyol.com/ev-temizlik-urunleri-x-c101412
Süpermarket,Ev & Temizlik,Temizlik Gereçleri,https://www.trendyol.com/temizlik-gerecleri-x-c103921
Süpermarket,Ev & Temizlik,Çamaşır Yıkama,https://www.trendyol.com/camasir-yikama-urunleri-x-c103809
Süpermarket,Ev & Temizlik,Kağıt Ürünleri,https://www.trendyol.com/kagit-urunleri-x-c104011
Süpermarket,Ev & Temizlik,Haşere Öldürücü,https://www.trendyol.com/hasere-olduruculer-x-c103817
Süpermarket,Ev & Temizlik,Mutfak Sarf Malzemeleri,https://www.trendyol.com/mutfak-sarf-malzemeleri-x-c103933
Süpermarket,Ev & Temizlik,Bulaşık Yıkama,https://www.trendyol.com/bulasik-yikama-x-c103801
Süpermarket,Ev & Temizlik,Poşet,https://www.trendyol.com/poset-x-c110471
Süpermarket,Ev & Temizlik,Bez Poşet,https://www.trendyol.com/bez-poset-x-c144859
Süpermarket,Gıda ve İçecek,Özel Gıda Ürünü,https://www.trendyol.com/ozel-gida-urunu-x-c109242
Süpermarket,Gıda ve İçecek,Kahve,https://www.trendyol.com/kahve-x-c104004
Süpermarket,Gıda ve İçecek,Yağ ve Sos,https://www.trendyol.com/yag-ve-sos-x-c105474
Süpermarket,Gıda ve İçecek,Atıştırmalık,https://www.trendyol.com/atistirmalik-x-c103947
Süpermarket,Gıda ve İçecek,Çay,https://www.trendyol.com/cay-x-c104000
Süpermarket,Gıda ve İçecek,Kuru Gıda,https://www.trendyol.com/kuru-gida-x-c103970
Süpermarket,Gıda ve İçecek,Süt ve Kahvaltılık,https://www.trendyol.com/sut-ve-kahvaltilik-x-c103961
Süpermarket,Gıda ve İçecek,Gazsız İçecek,https://www.trendyol.com/gazsiz-icecek-x-c109250
Süpermarket,Gıda ve İçecek,Hazır Gıda,https://www.trendyol.com/hazir-gida-x-c103951
Süpermarket,Gıda ve İçecek,Gazlı İçecek,https://www.trendyol.com/gazli-icecekler-x-c104002
Süpermarket,Gıda ve İçecek,Avantaj Paketleri,https://www.trendyol.com/avantaj-paketleri-x-c109608
Süpermarket,Gıda ve İçecek,Manav,https://www.trendyol.com/manav-x-c103992
Süpermarket,Gıda ve İçecek,Su,https://www.trendyol.com/su-x-c104006
Süpermarket,Gıda ve İçecek,Gıda Paketi,https://www.trendyol.com/gida-paketi-x-c144888
Süpermarket,Gıda ve İçecek,Et & Donmuş Gıda,https://www.trendyol.com/et-tavuk-balik-urunleri-x-c109491
Süpermarket,Petshop,Kedi Ürünleri,https://www.trendyol.com/kedi-urunleri-x-c103569
Süpermarket,Petshop,Köpek Ürünleri,https://www.trendyol.com/kopek-urunleri-x-c103605
Süpermarket,Petshop,Evcil Hayvan Ürünleri,https://www.trendyol.com/evcil-hayvan-urunleri-x-c144116
Süpermarket,Petshop,Akvaryum Ürünleri,https://www.trendyol.com/akvaryum-urunleri-x-c103564
Süpermarket,Petshop,Kuş Ürünleri,https://www.trendyol.com/kus-urunleri-x-c103635
Süpermarket,Petshop,Kemirgen Ürünleri,https://www.trendyol.com/kemirgen-urunleri-x-c103602
Süpermarket,Petshop,Sürüngen Ürünleri,https://www.trendyol.com/surungen-urunleri-x-c103650
Süpermarket,Petshop,Çiftlik Hayvanı Ürünleri,https://www.trendyol.com/ciftlik-hayvani-urunleri-x-c165019
